cell_line,pred_survival,drug,true_survival,timepoint,c_param
HL60,0.9975002680799784,5Aza2d,1.0,48h,30
HL60,0.9975835907237637,5Aza2d,1.0,48h,30
HL60,0.9974608918838351,5Aza2d,1.0,48h,30
HL60,0.9973356353729075,5Aza2d,1.0,48h,30
HL60,0.948125370782373,5Aza2d,1.0,48h,30
HL60,0.8931166083799692,5Aza2d,1.0,48h,30
HL60,0.8303975901388575,5Aza2d,0.9398998330550921,48h,30
HL60,0.7532514030360218,5Aza2d,0.7567710215766255,48h,30
HL60,0.6936510313376194,5Aza2d,0.5619073025489221,48h,30
HL60,0.6471123428839495,5Aza2d,0.4555129109799265,48h,30
K562,0.9973558753674246,5Aza2d,1.0,48h,30
K562,0.9974439986675022,5Aza2d,1.0,48h,30
K562,0.9973142307971596,5Aza2d,1.0,48h,30
K562,0.9971817598031991,5Aza2d,0.9569347191340825,48h,30
K562,0.9452853623648286,5Aza2d,0.899315955575389,48h,30
K562,0.8876219594010812,5Aza2d,0.8837303702242281,48h,30
K562,0.8223201335772354,5Aza2d,0.8081007705963046,48h,30
K562,0.7426385085630268,5Aza2d,0.714278854679959,48h,30
K562,0.6815583897911688,5Aza2d,0.6086955362844025,48h,30
K562,0.6341515603850706,5Aza2d,0.568298369872679,48h,30
SUDHL4,0.9974763555498765,5Aza2d,1.0,48h,30
SUDHL4,0.9975604733118836,5Aza2d,1.0,48h,30
SUDHL4,0.9974366036475362,5Aza2d,1.0,48h,30
SUDHL4,0.997310152206913,5Aza2d,1.0,48h,30
SUDHL4,0.9476539222870389,5Aza2d,1.0,48h,30
SUDHL4,0.8922020678945582,5Aza2d,1.0,48h,30
SUDHL4,0.8290491186615723,5Aza2d,1.0,48h,30
SUDHL4,0.7514731333131203,5Aza2d,0.8735487616099069,48h,30
SUDHL4,0.6916190820086358,5Aza2d,0.6414685611086539,48h,30
SUDHL4,0.6449297218088229,5Aza2d,0.5283410732714136,48h,30
THP1,0.9973522040355799,5Aza2d,1.0,48h,30
THP1,0.9974404493796744,5Aza2d,1.0,48h,30
THP1,0.9973105017983106,5Aza2d,1.0,48h,30
THP1,0.9971778473982963,5Aza2d,1.0,48h,30
THP1,0.9452133633510111,5Aza2d,1.0,48h,30
THP1,0.8874831129699883,5Aza2d,0.9363037301930806,48h,30
THP1,0.8221167738756596,5Aza2d,0.8889218997774745,48h,30
THP1,0.742372522659301,5Aza2d,0.7888290110372864,48h,30
THP1,0.6812563712845873,5Aza2d,0.7944745101619215,48h,30
THP1,0.6338287360244202,5Aza2d,0.8033906359623311,48h,30
HL60,0.9938500560913839,Cytarabine,1.0,48h,30
HL60,0.9940338071504213,Cytarabine,1.0,48h,30
HL60,0.9941112536909132,Cytarabine,1.0,48h,30
HL60,0.9941545345791157,Cytarabine,1.0,48h,30
HL60,0.9940040337587922,Cytarabine,1.0,48h,30
HL60,0.9939794349680454,Cytarabine,0.99390243902439,48h,30
HL60,0.9494449273099069,Cytarabine,0.3272424582798455,48h,30
HL60,0.6793445314667375,Cytarabine,0.0,48h,30
HL60,0.41873969757682145,Cytarabine,0.0,48h,30
HL60,0.26874053091947814,Cytarabine,0.0,48h,30
K562,0.9981632411074672,Cytarabine,1.0,48h,30
K562,0.9982183517205012,Cytarabine,1.0,48h,30
K562,0.9982415752044098,Cytarabine,1.0,48h,30
K562,0.9982545525096689,Cytarabine,1.0,48h,30
K562,0.9982094230558035,Cytarabine,0.9683639792550685,48h,30
K562,0.9982020459056383,Cytarabine,0.9746346063177744,48h,30
K562,0.9844126446991841,Cytarabine,0.9374316659056605,48h,30
K562,0.8769146951310385,Cytarabine,0.7841235375569615,48h,30
K562,0.7078203980050165,Cytarabine,0.6670615946459031,48h,30
K562,0.5527403088653318,Cytarabine,0.6393181900113976,48h,30
SUDHL4,0.9990025657662377,Cytarabine,1.0,48h,30
SUDHL4,0.9990325174633465,Cytarabine,1.0,48h,30
SUDHL4,0.9990451385861012,Cytarabine,1.0,48h,30
SUDHL4,0.9990521911648201,Cytarabine,1.0,48h,30
SUDHL4,0.9990276649859017,Cytarabine,1.0,48h,30
SUDHL4,0.9990236556829193,Cytarabine,1.0,48h,30
SUDHL4,0.9914818145344668,Cytarabine,1.0,48h,30
SUDHL4,0.9292315184383763,Cytarabine,1.0,48h,30
SUDHL4,0.8170120924477999,Cytarabine,1.0,48h,30
SUDHL4,0.6949069252215063,Cytarabine,0.9496082407961525,48h,30
THP1,0.9985127683821944,Cytarabine,1.0,48h,30
THP1,0.9985574068406406,Cytarabine,1.0,48h,30
THP1,0.9985762171020953,Cytarabine,1.0,48h,30
THP1,0.9985867282218389,Cytarabine,1.0,48h,30
THP1,0.998550174870298,Cytarabine,1.0,48h,30
THP1,0.9985441995650466,Cytarabine,1.0,48h,30
THP1,0.9873456777791135,Cytarabine,1.0,48h,30
THP1,0.8979790273795385,Cytarabine,0.97554543274994,48h,30
THP1,0.7495582992539295,Cytarabine,0.775720487598232,48h,30
THP1,0.6042451730431071,Cytarabine,0.488775584972599,48h,30
HL60,0.9967464920353463,Doxorubicin,1.0,48h,30
HL60,0.9967958827095696,Doxorubicin,1.0,48h,30
HL60,0.9968141998049637,Doxorubicin,1.0,48h,30
HL60,0.9967256094303995,Doxorubicin,0.970257234726688,48h,30
HL60,0.990360551419573,Doxorubicin,0.6846559822225216,48h,30
HL60,0.5269994098324015,Doxorubicin,0.0,48h,30
HL60,0.13985151119497424,Doxorubicin,0.0,48h,30
HL60,0.006589087679051437,Doxorubicin,0.0,48h,30
HL60,0.0011923918435205172,Doxorubicin,0.0,48h,30
HL60,0.002455792644303331,Doxorubicin,0.0,48h,30
K562,0.9953157289366823,Doxorubicin,1.0,48h,30
K562,0.9953867391331019,Doxorubicin,1.0,48h,30
K562,0.9954130748618278,Doxorubicin,1.0,48h,30
K562,0.9952857064288456,Doxorubicin,1.0,48h,30
K562,0.9861604983056511,Doxorubicin,0.9486948509822131,48h,30
K562,0.43590208597668845,Doxorubicin,0.6656180571936849,48h,30
K562,0.10133879459335728,Doxorubicin,0.156762525692819,48h,30
K562,0.004579194405191953,Doxorubicin,0.0,48h,30
K562,0.0008273013270937634,Doxorubicin,0.0,48h,30
K562,0.0017045300061782846,Doxorubicin,0.0,48h,30
SUDHL4,0.9995016190664548,Doxorubicin,1.0,48h,30
SUDHL4,0.999509205454664,Doxorubicin,1.0,48h,30
SUDHL4,0.9995120187915073,Doxorubicin,1.0,48h,30
SUDHL4,0.9994984113150129,Doxorubicin,1.0,48h,30
SUDHL4,0.9985153490443301,Doxorubicin,1.0,48h,30
SUDHL4,0.879424060100577,Doxorubicin,1.0,48h,30
SUDHL4,0.5155851626418892,Doxorubicin,0.7743995452803005,48h,30
SUDHL4,0.04161276942036467,Doxorubicin,0.050393914158438094,48h,30
SUDHL4,0.007754353544704491,Doxorubicin,0.0,48h,30
SUDHL4,0.015860089315400706,Doxorubicin,0.00044150110375275,48h,30
THP1,0.9974687199980232,Doxorubicin,1.0,48h,30
THP1,0.9975071741342857,Doxorubicin,1.0,48h,30
THP1,0.9975214350746797,Doxorubicin,1.0,48h,30
THP1,0.9974524611573305,Doxorubicin,1.0,48h,30
THP1,0.9924896772506657,Doxorubicin,0.9930137316309324,48h,30
THP1,0.5890006850550246,Doxorubicin,0.24389058492000748,48h,30
THP1,0.1729602723278215,Doxorubicin,0.13044036230432,48h,30
THP1,0.008459275558246422,Doxorubicin,0.046970736876706554,48h,30
THP1,0.001533193755988645,Doxorubicin,0.0,48h,30
THP1,0.003156550618855206,Doxorubicin,0.0,48h,30
HL60,0.9999589674805227,Imatinib,1.0,48h,30
HL60,0.9999595070493585,Imatinib,1.0,48h,30
HL60,0.9999587617267623,Imatinib,1.0,48h,30
HL60,0.9999587564546266,Imatinib,1.0,48h,30
HL60,0.9999559582340087,Imatinib,1.0,48h,30
HL60,0.997032135153788,Imatinib,1.0,48h,30
HL60,0.9177399131381466,Imatinib,1.0,48h,30
HL60,0.9222470763658782,Imatinib,1.0,48h,30
HL60,0.9735599862532934,Imatinib,1.0,48h,30
HL60,0.5648459725878006,Imatinib,1.0,48h,30
K562,0.9853078146589448,Imatinib,1.0,48h,30
K562,0.9854982197261873,Imatinib,1.0,48h,30
K562,0.9852352268250198,Imatinib,1.0,48h,30
K562,0.985233367009303,Imatinib,1.0,48h,30
K562,0.9842472447148497,Imatinib,0.936702901689499,48h,30
K562,0.4803785694849741,Imatinib,0.5393459896373495,48h,30
K562,0.029787153986175374,Imatinib,0.07828609768304656,48h,30
K562,0.03160914666549926,Imatinib,0.01508363493138505,48h,30
K562,0.09200588494512207,Imatinib,0.0064459240158796,48h,30
K562,0.00355934431622211,Imatinib,0.0,48h,30
SUDHL4,0.9999998743324363,Imatinib,1.0,48h,30
SUDHL4,0.9999998759850047,Imatinib,1.0,48h,30
SUDHL4,0.9999998737022622,Imatinib,1.0,48h,30
SUDHL4,0.9999998736861149,Imatinib,1.0,48h,30
SUDHL4,0.9999998651158128,Imatinib,1.0,48h,30
SUDHL4,0.9999908839174454,Imatinib,1.0,48h,30
SUDHL4,0.9997255725246575,Imatinib,1.0,48h,30
SUDHL4,0.9997418723258682,Imatinib,1.0,48h,30
SUDHL4,0.9999168350968279,Imatinib,1.0,48h,30
SUDHL4,0.9976462150855693,Imatinib,1.0,48h,30
THP1,0.9999760276130224,Imatinib,1.0,48h,30
THP1,0.99997634285008,Imatinib,1.0,48h,30
THP1,0.9999759074036518,Imatinib,1.0,48h,30
THP1,0.9999759043234643,Imatinib,1.0,48h,30
THP1,0.9999742694918085,Imatinib,1.0,48h,30
THP1,0.9982639747077228,Imatinib,1.0,48h,30
THP1,0.9502401996559213,Imatinib,1.0,48h,30
THP1,0.9530577044334781,Imatinib,1.0,48h,30
THP1,0.9843815436129001,Imatinib,1.0,48h,30
THP1,0.6896176459978588,Imatinib,0.4826097360485495,48h,30
HL60,0.9945999322453071,Mitomycin,1.0,48h,30
HL60,0.9947167009077613,Mitomycin,1.0,48h,30
HL60,0.9948775229533877,Mitomycin,1.0,48h,30
HL60,0.994779717780997,Mitomycin,1.0,48h,30
HL60,0.9947650708561978,Mitomycin,1.0,48h,30
HL60,0.9944967874744538,Mitomycin,0.6836609336609341,48h,30
HL60,0.8044892512555042,Mitomycin,0.0204945204945205,48h,30
HL60,0.465858805434411,Mitomycin,0.0,48h,30
HL60,0.1702124549391787,Mitomycin,0.0,48h,30
HL60,0.0026729630282947667,Mitomycin,0.0,48h,30
K562,0.9989511803175541,Mitomycin,1.0,48h,30
K562,0.9989739565917266,Mitomycin,1.0,48h,30
K562,0.9990053186314628,Mitomycin,1.0,48h,30
K562,0.9989862465377412,Mitomycin,1.0,48h,30
K562,0.9989833901144896,Mitomycin,1.0,48h,30
K562,0.9989310578624666,Mitomycin,1.0,48h,30
K562,0.9551139526432664,Mitomycin,0.8248072284257875,48h,30
K562,0.8185172395855715,Mitomycin,0.478977292795363,48h,30
K562,0.5147430013723444,Mitomycin,0.16541090210078602,48h,30
K562,0.013670102650954606,Mitomycin,0.0,48h,30
SUDHL4,0.9980015320223732,Mitomycin,1.0,48h,30
SUDHL4,0.9980448905929685,Mitomycin,1.0,48h,30
SUDHL4,0.9981045965806076,Mitomycin,1.0,48h,30
SUDHL4,0.9980682873709142,Mitomycin,1.0,48h,30
SUDHL4,0.9980628494567106,Mitomycin,1.0,48h,30
SUDHL4,0.9979632269440877,Mitomycin,1.0,48h,30
SUDHL4,0.9177405995374818,Mitomycin,1.0,48h,30
SUDHL4,0.7028000411207584,Mitomycin,1.0,48h,30
SUDHL4,0.35739756452337695,Mitomycin,0.738517065079874,48h,30
SUDHL4,0.007214324273167939,Mitomycin,0.0113480714942161,48h,30
THP1,0.9980951223187668,Mitomycin,1.0,48h,30
THP1,0.9981364541547755,Mitomycin,1.0,48h,30
THP1,0.9981933689958609,Mitomycin,1.0,48h,30
THP1,0.9981587572138182,Mitomycin,1.0,48h,30
THP1,0.9981535735077699,Mitomycin,1.0,48h,30
THP1,0.9980586076168461,Mitomycin,1.0,48h,30
THP1,0.9212964758451591,Mitomycin,0.936702374664659,48h,30
THP1,0.7127390016316569,Mitomycin,0.484673034641677,48h,30
THP1,0.36850852498294,Mitomycin,0.1112909315467645,48h,30
THP1,0.007566800203022228,Mitomycin,0.0062050073502858,48h,30
HL60,0.9997856682052606,Nilotinib,1.0,48h,30
HL60,0.9992946539231449,Nilotinib,1.0,48h,30
HL60,0.9765594933695094,Nilotinib,0.993881118881119,48h,30
HL60,0.8648615658753553,Nilotinib,0.972027972027972,48h,30
HL60,0.7806191122693408,Nilotinib,0.944055944055944,48h,30
HL60,0.7584863393433661,Nilotinib,0.9183610975012244,48h,30
HL60,0.676919709468332,Nilotinib,0.7442096120440069,48h,30
HL60,0.6793996269736794,Nilotinib,0.6716070553650175,48h,30
HL60,0.7038069192864285,Nilotinib,0.8105540955859429,48h,30
HL60,0.6877975248124881,Nilotinib,0.7103191394592665,48h,30
K562,0.986568105639823,Nilotinib,1.0,48h,30
K562,0.9570962920769212,Nilotinib,0.966291898106746,48h,30
K562,0.39613381722695207,Nilotinib,0.5326746136350591,48h,30
K562,0.09154614959233037,Nilotinib,0.13707709078914448,48h,30
K562,0.05305596299386171,Nilotinib,0.0199482822312523,48h,30
K562,0.047120877752543956,Nilotinib,0.021532023980061748,48h,30
K562,0.03193740543788068,Nilotinib,0.00267824159586255,48h,30
K562,0.03229057287596395,Nilotinib,0.0,48h,30
K562,0.03606579518618012,Nilotinib,0.0,48h,30
K562,0.03352616403629271,Nilotinib,0.0052698759876773,48h,30
SUDHL4,0.9999987227171957,Nilotinib,1.0,48h,30
SUDHL4,0.9999957945275608,Nilotinib,1.0,48h,30
SUDHL4,0.9998570072202534,Nilotinib,1.0,48h,30
SUDHL4,0.9990698862173593,Nilotinib,1.0,48h,30
SUDHL4,0.9983283669562966,Nilotinib,1.0,48h,30
SUDHL4,0.9981064415205637,Nilotinib,1.0,48h,30
SUDHL4,0.9971643802764354,Nilotinib,0.92165101006547,48h,30
SUDHL4,0.9971963272795568,Nilotinib,0.9062142607332491,48h,30
SUDHL4,0.9974988386908767,Nilotinib,1.0,48h,30
SUDHL4,0.9973028151926898,Nilotinib,1.0,48h,30
THP1,0.9989168599465044,Nilotinib,1.0,48h,30
THP1,0.9964425685303591,Nilotinib,1.0,48h,30
THP1,0.8917368674773233,Nilotinib,1.0,48h,30
THP1,0.5585565867029281,Nilotinib,0.8363817799033746,48h,30
THP1,0.4129736865496196,Nilotinib,0.6566329572974094,48h,30
THP1,0.3830635961383499,Nilotinib,0.579156170518297,48h,30
THP1,0.29290599988413357,Nilotinib,0.5949947062903875,48h,30
THP1,0.2952647953611381,Nilotinib,0.5923843598262205,48h,30
THP1,0.3196303331484399,Nilotinib,0.5242415391917055,48h,30
THP1,0.3034080693846532,Nilotinib,0.4995071373808915,48h,30
HL60,0.9986740967791446,Oxaliplatin,1.0,48h,30
HL60,0.9986740967791446,Oxaliplatin,1.0,48h,30
HL60,0.9986740967791446,Oxaliplatin,1.0,48h,30
HL60,0.9986740967791446,Oxaliplatin,1.0,48h,30
HL60,0.9986740967791446,Oxaliplatin,1.0,48h,30
HL60,0.9986740967791446,Oxaliplatin,1.0,48h,30
HL60,0.9986740967791446,Oxaliplatin,1.0,48h,30
HL60,0.9986740967791446,Oxaliplatin,1.0,48h,30
HL60,0.9986740967791446,Oxaliplatin,1.0,48h,30
HL60,0.7316568800819315,Oxaliplatin,0.5286713876243465,48h,30
K562,0.9996422793643203,Oxaliplatin,1.0,48h,30
K562,0.9996422793643203,Oxaliplatin,1.0,48h,30
K562,0.9996422793643203,Oxaliplatin,1.0,48h,30
K562,0.9996422793643203,Oxaliplatin,1.0,48h,30
K562,0.9996422793643203,Oxaliplatin,1.0,48h,30
K562,0.9996422793643203,Oxaliplatin,1.0,48h,30
K562,0.9996422793643203,Oxaliplatin,1.0,48h,30
K562,0.9996422793643203,Oxaliplatin,1.0,48h,30
K562,0.9996422793643203,Oxaliplatin,0.9986217759401455,48h,30
K562,0.9100389864667482,Oxaliplatin,0.6861726686515145,48h,30
SUDHL4,0.9992709865486397,Oxaliplatin,1.0,48h,30
SUDHL4,0.9992709865486397,Oxaliplatin,1.0,48h,30
SUDHL4,0.9992709865486397,Oxaliplatin,1.0,48h,30
SUDHL4,0.9992709865486397,Oxaliplatin,1.0,48h,30
SUDHL4,0.9992709865486397,Oxaliplatin,1.0,48h,30
SUDHL4,0.9992709865486397,Oxaliplatin,1.0,48h,30
SUDHL4,0.9992709865486397,Oxaliplatin,1.0,48h,30
SUDHL4,0.9992709865486397,Oxaliplatin,1.0,48h,30
SUDHL4,0.9992709865486397,Oxaliplatin,1.0,48h,30
SUDHL4,0.8322697682475166,Oxaliplatin,1.0,48h,30
THP1,0.9993908157663522,Oxaliplatin,1.0,48h,30
THP1,0.9993908157663522,Oxaliplatin,1.0,48h,30
THP1,0.9993908157663522,Oxaliplatin,1.0,48h,30
THP1,0.9993908157663522,Oxaliplatin,1.0,48h,30
THP1,0.9993908157663522,Oxaliplatin,1.0,48h,30
THP1,0.9993908157663522,Oxaliplatin,1.0,48h,30
THP1,0.9993908157663522,Oxaliplatin,1.0,48h,30
THP1,0.9993908157663522,Oxaliplatin,1.0,48h,30
THP1,0.9993908157663522,Oxaliplatin,1.0,48h,30
THP1,0.8558808835304121,Oxaliplatin,0.7735129350225585,48h,30
HL60,0.8429789471209961,Rapamycin,0.8421174689971684,48h,30
HL60,0.7432107901505788,Rapamycin,0.8506412134231685,48h,30
HL60,0.6860315962509851,Rapamycin,0.8009614132734435,48h,30
HL60,0.6702799020352782,Rapamycin,0.813610731373889,48h,30
HL60,0.672011422020588,Rapamycin,0.861097549067474,48h,30
HL60,0.669571021470619,Rapamycin,0.839841079972659,48h,30
HL60,0.6660092021526874,Rapamycin,0.8320842691143444,48h,30
HL60,0.6467391962467268,Rapamycin,0.678923363603815,48h,30
HL60,0.6219784031374337,Rapamycin,0.539597776909807,48h,30
HL60,0.16108421246228716,Rapamycin,0.0,48h,30
K562,0.7321710748935755,Rapamycin,0.73353106609468,48h,30
K562,0.5957596814923997,Rapamycin,0.6118418212532399,48h,30
K562,0.5266584449290954,Rapamycin,0.5658204118639656,48h,30
K562,0.5086378775193461,Rapamycin,0.5229802071352815,48h,30
K562,0.5105984667604272,Rapamycin,0.517821087203711,48h,30
K562,0.5078366484200351,Rapamycin,0.5271868368448205,48h,30
K562,0.5038233533384348,Rapamycin,0.504588028763503,48h,30
K562,0.4824672354683807,Rapamycin,0.4541193019374975,48h,30
K562,0.45587947931605827,Rapamycin,0.42558294226125,48h,30
K562,0.089067087356661,Rapamycin,0.10324099648058449,48h,30
SUDHL4,0.8430775694443966,Rapamycin,0.902771467514766,48h,30
SUDHL4,0.7433529973807722,Rapamycin,0.864233198662232,48h,30
SUDHL4,0.6861920986276459,Rapamycin,0.785487910359595,48h,30
SUDHL4,0.6704445885807502,Rapamycin,0.7911707294054631,48h,30
SUDHL4,0.6721756667024429,Rapamycin,0.7511907558949795,48h,30
SUDHL4,0.6697358876253233,Rapamycin,0.7818478871262975,48h,30
SUDHL4,0.6661749594340565,Rapamycin,0.7625599763219995,48h,30
SUDHL4,0.646909446887719,Rapamycin,0.7329618575174315,48h,30
SUDHL4,0.6221536152197982,Rapamycin,0.6803337698841225,48h,30
SUDHL4,0.1611849503097821,Rapamycin,0.0,48h,30
THP1,0.7837823089587715,Rapamycin,0.972463408583478,48h,30
THP1,0.6615048711496698,Rapamycin,0.831897338771727,48h,30
THP1,0.5960214375822873,Rapamycin,0.7679683909095374,48h,30
THP1,0.5785282864852013,Rapamycin,0.7494510815293155,48h,30
THP1,0.5804400370522296,Rapamycin,0.724662230656574,48h,30
THP1,0.5777464126316912,Rapamycin,0.734403990897952,48h,30
THP1,0.5738247865782966,Rapamycin,0.7217463137839105,48h,30
THP1,0.5528073306816732,Rapamycin,0.736337042741092,48h,30
THP1,0.5262851293107161,Rapamycin,0.747158223010249,48h,30
THP1,0.11477181082594386,Rapamycin,0.2194303790295265,48h,30
HL60,0.9993556192386825,5Aza2d,0.9053867403314915,72h,30
HL60,0.99936630069419,5Aza2d,0.9316298342541435,72h,30
HL60,0.9993422013791152,5Aza2d,0.944060773480663,72h,30
HL60,0.997116563114186,5Aza2d,0.9433701657458565,72h,30
HL60,0.9318130679992538,5Aza2d,0.9122928176795579,72h,30
HL60,0.7629376183002446,5Aza2d,0.8660220994475141,72h,30
HL60,0.5678635742845847,5Aza2d,0.572639864828622,72h,30
HL60,0.45049068455791963,5Aza2d,0.275985624631229,72h,30
HL60,0.3602712915562468,5Aza2d,0.0780292871318994,72h,30
HL60,0.3134535746392996,5Aza2d,0.01450276243093925,72h,30
K562,0.9876121268641174,5Aza2d,1.0,72h,30
K562,0.9878150986059298,5Aza2d,1.0,72h,30
K562,0.9873572693011327,5Aza2d,1.0,72h,30
K562,0.9467421000352719,5Aza2d,0.983594529553325,72h,30
K562,0.41262485432000806,5Aza2d,0.909419096611735,72h,30
K562,0.14195441903123587,5Aza2d,0.7952274676143025,72h,30
K562,0.06327708338677462,5Aza2d,0.716606434115139,72h,30
K562,0.04043856293381453,5Aza2d,0.593382042976516,72h,30
K562,0.028135315447266013,5Aza2d,0.4817267209317265,72h,30
K562,0.022931914625229272,5Aza2d,0.3683588591907095,72h,30
SUDHL4,0.999556253009229,5Aza2d,1.0,72h,30
SUDHL4,0.9995636101493484,5Aza2d,1.0,72h,30
SUDHL4,0.9995470110277329,5Aza2d,1.0,72h,30
SUDHL4,0.9980129610757649,5Aza2d,1.0,72h,30
SUDHL4,0.9520343172609923,5Aza2d,1.0,72h,30
SUDHL4,0.8237681887653259,5Aza2d,0.9087577160493825,72h,30
SUDHL4,0.6561933033860718,5Aza2d,0.481426194520037,72h,30
SUDHL4,0.543526459396494,5Aza2d,0.3491576679597785,72h,30
SUDHL4,0.44993065557728984,5Aza2d,0.18493870585889,72h,30
SUDHL4,0.39872352231592617,5Aza2d,0.12936415169294702,72h,30
THP1,0.9995417072638819,5Aza2d,1.0,72h,30
THP1,0.9995493054576567,5Aza2d,1.0,72h,30
THP1,0.9995321624778777,5Aza2d,1.0,72h,30
THP1,0.9979479310545768,5Aza2d,1.0,72h,30
THP1,0.9505391139097787,5Aza2d,1.0,72h,30
THP1,0.819034646957536,5Aza2d,0.8873626771973571,72h,30
THP1,0.6488772557931464,5Aza2d,0.749189849014945,72h,30
THP1,0.535509995716327,5Aza2d,0.5787014955704095,72h,30
THP1,0.44195808875830955,5Aza2d,0.49830206348073003,72h,30
THP1,0.3910133264241699,5Aza2d,0.4618085801692745,72h,30
HL60,0.9988653477069144,Cytarabine,0.9511278195488719,72h,30
HL60,0.9988969146060053,Cytarabine,0.9684210526315791,72h,30
HL60,0.9989254981489517,Cytarabine,0.949624060150376,72h,30
HL60,0.9989562060674156,Cytarabine,0.911278195488722,72h,30
HL60,0.9988930578050755,Cytarabine,0.9005135430520255,72h,30
HL60,0.9804813389106636,Cytarabine,0.5142922981709965,72h,30
HL60,0.6997385856735211,Cytarabine,0.0,72h,30
HL60,0.4074002365175192,Cytarabine,0.0,72h,30
HL60,0.18297594584664997,Cytarabine,0.0,72h,30
HL60,0.10946743613068538,Cytarabine,0.0,72h,30
K562,0.9877955654236641,Cytarabine,1.0,72h,30
K562,0.9881314428662513,Cytarabine,1.0,72h,30
K562,0.9884357556506619,Cytarabine,1.0,72h,30
K562,0.9887628749540697,Cytarabine,1.0,72h,30
K562,0.9880903947060587,Cytarabine,1.0,72h,30
K562,0.8220144023901653,Cytarabine,0.901379656640303,72h,30
K562,0.1764532999996682,Cytarabine,0.602934873940369,72h,30
K562,0.059449367637518596,Cytarabine,0.4614134975202095,72h,30
K562,0.02017497211541711,Cytarabine,0.36803381818435055,72h,30
K562,0.011175313076532975,Cytarabine,0.3263811804233975,72h,30
SUDHL4,0.9997376822976409,Cytarabine,1.0,72h,30
SUDHL4,0.9997449863737458,Cytarabine,1.0,72h,30
SUDHL4,0.9997515998427206,Cytarabine,1.0,72h,30
SUDHL4,0.9997587045112738,Cytarabine,1.0,72h,30
SUDHL4,0.9997440939906634,Cytarabine,1.0,72h,30
SUDHL4,0.9954227572456071,Cytarabine,1.0,72h,30
SUDHL4,0.9098210124024786,Cytarabine,0.8006354393609295,72h,30
SUDHL4,0.7485087982385293,Cytarabine,0.48998080713767,72h,30
SUDHL4,0.49227168262774273,Cytarabine,0.284305944600062,72h,30
SUDHL4,0.34733042097554917,Cytarabine,0.267725299996542,72h,30
THP1,0.999591470808123,Cytarabine,1.0,72h,30
THP1,0.9996028444364835,Cytarabine,1.0,72h,30
THP1,0.9996131427577053,Cytarabine,1.0,72h,30
THP1,0.9996242060467014,Cytarabine,1.0,72h,30
THP1,0.9996014548466615,Cytarabine,1.0,72h,30
THP1,0.9928885867842787,Cytarabine,1.0,72h,30
THP1,0.8662612403636591,Cytarabine,1.0,72h,30
THP1,0.656451764638259,Cytarabine,1.0,72h,30
THP1,0.38365362116342244,Cytarabine,0.5819715554787619,72h,30
THP1,0.2546530644954404,Cytarabine,0.1737993151514085,72h,30
HL60,0.9989763793618655,Doxorubicin,1.0,72h,30
HL60,0.998974480676413,Doxorubicin,1.0,72h,30
HL60,0.9989441630790377,Doxorubicin,0.927432216905901,72h,30
HL60,0.9759032038721872,Doxorubicin,0.339537655327129,72h,30
HL60,0.5289973874309105,Doxorubicin,0.0080051527419948,72h,30
HL60,0.17114053739988191,Doxorubicin,0.0,72h,30
HL60,0.05082973954469588,Doxorubicin,0.0,72h,30
HL60,0.0018938917823459113,Doxorubicin,0.0,72h,30
HL60,0.0016882557084705514,Doxorubicin,0.0,72h,30
HL60,0.0023798112065514013,Doxorubicin,0.0,72h,30
K562,0.9883867689080595,Doxorubicin,0.9956295175659775,72h,30
K562,0.9883654566129173,Doxorubicin,1.0,72h,30
K562,0.9880252622508577,Doxorubicin,1.0,72h,30
K562,0.7793406953393225,Doxorubicin,0.938445060236604,72h,30
K562,0.08920861447739428,Doxorubicin,0.6398698882017615,72h,30
K562,0.017688015212287266,Doxorubicin,0.3707310734574055,72h,30
K562,0.004648447485881871,Doxorubicin,0.0912226965399989,72h,30
K562,0.00016544904152966786,Doxorubicin,0.0,72h,30
K562,0.00014745709405192422,Doxorubicin,0.0,72h,30
K562,0.0002079910302182167,Doxorubicin,0.00330014224751065,72h,30
SUDHL4,0.9997243615324217,Doxorubicin,1.0,72h,30
SUDHL4,0.999723849874768,Doxorubicin,1.0,72h,30
SUDHL4,0.9997156796977229,Doxorubicin,1.0,72h,30
SUDHL4,0.9933998714167345,Doxorubicin,0.692733385166477,72h,30
SUDHL4,0.8067266657532427,Doxorubicin,0.6072491518611665,72h,30
SUDHL4,0.43418267787072595,Doxorubicin,0.34029997700854897,72h,30
SUDHL4,0.16598597005443114,Doxorubicin,0.19094917836276298,72h,30
SUDHL4,0.007002463916032852,Doxorubicin,0.0016859227381940001,72h,30
SUDHL4,0.006245617253455489,Doxorubicin,0.0,72h,30
SUDHL4,0.008787559578165727,Doxorubicin,0.0,72h,30
THP1,0.9993086683796537,Doxorubicin,1.0,72h,30
THP1,0.9993073856205259,Doxorubicin,1.0,72h,30
THP1,0.9992869027217618,Doxorubicin,1.0,72h,30
THP1,0.9836025929757425,Doxorubicin,1.0,72h,30
THP1,0.624556562501579,Doxorubicin,0.521276545733085,72h,30
THP1,0.2341989717683472,Doxorubicin,0.034053226916325896,72h,30
THP1,0.07348885128839443,Doxorubicin,0.05638007450835905,72h,30
THP1,0.002802571128685573,Doxorubicin,0.0,72h,30
THP1,0.0024985189242398304,Doxorubicin,0.0,72h,30
THP1,0.0035208097399202793,Doxorubicin,0.0004330879168471,72h,30
HL60,0.999839092895069,Imatinib,1.0,72h,30
HL60,0.9998419859161275,Imatinib,1.0,72h,30
HL60,0.9998415380156248,Imatinib,0.921516754850088,72h,30
HL60,0.9998366685418597,Imatinib,0.9559082892416225,72h,30
HL60,0.9998177150132525,Imatinib,0.9594356261022929,72h,30
HL60,0.8380687441269412,Imatinib,1.0,72h,30
HL60,0.5711222006274561,Imatinib,1.0,72h,30
HL60,0.644674331929064,Imatinib,1.0,72h,30
HL60,0.8307280418589322,Imatinib,1.0,72h,30
HL60,0.04384610722742895,Imatinib,0.711364330544964,72h,30
K562,0.9851991380358521,Imatinib,0.9955320399764844,72h,30
K562,0.9854614219401296,Imatinib,0.99238683127572,72h,30
K562,0.9854208058385067,Imatinib,0.9937095825984714,72h,30
K562,0.9849794503114289,Imatinib,0.983392122281011,72h,30
K562,0.9832652722388172,Imatinib,0.9085077095379486,72h,30
K562,0.05252875650419305,Imatinib,0.450519928709099,72h,30
K562,0.0140645576649091,Imatinib,0.00158730158730155,72h,30
K562,0.019064971627530496,Imatinib,0.0,72h,30
K562,0.04994638820844845,Imatinib,0.0,72h,30
K562,0.0004909893594335409,Imatinib,0.0,72h,30
SUDHL4,0.9999999906841802,Imatinib,1.0,72h,30
SUDHL4,0.9999999908517,Imatinib,1.0,72h,30
SUDHL4,0.9999999908257645,Imatinib,1.0,72h,30
SUDHL4,0.9999999905437978,Imatinib,1.0,72h,30
SUDHL4,0.9999999894462684,Imatinib,1.0,72h,30
SUDHL4,0.9999888153561569,Imatinib,1.0,72h,30
SUDHL4,0.9999565328043489,Imatinib,1.0,72h,30
SUDHL4,0.9999680957659367,Imatinib,1.0,72h,30
SUDHL4,0.9999882050256311,Imatinib,1.0,72h,30
SUDHL4,0.9987392619644383,Imatinib,1.0,72h,30
THP1,0.9999965808177789,Imatinib,1.0,72h,30
THP1,0.9999966423022998,Imatinib,1.0,72h,30
THP1,0.9999966327832256,Imatinib,1.0,72h,30
THP1,0.9999965292934491,Imatinib,1.0,72h,30
THP1,0.9999961264691856,Imatinib,1.0,72h,30
THP1,0.9959116274198375,Imatinib,1.0,72h,30
THP1,0.9842960505082667,Imatinib,1.0,72h,30
THP1,0.9884253280323687,Imatinib,1.0,72h,30
THP1,0.995689489630889,Imatinib,1.0,72h,30
THP1,0.683380348929335,Imatinib,0.2715424887851,72h,30
HL60,0.9909537954441799,Mitomycin,0.9141843971631205,72h,30
HL60,0.9909038017462899,Mitomycin,0.969503546099291,72h,30
HL60,0.9909680157485634,Mitomycin,0.8851063829787236,72h,30
HL60,0.9908726093180991,Mitomycin,0.924822695035461,72h,30
HL60,0.9902013566588205,Mitomycin,0.8624113475177305,72h,30
HL60,0.8857148703575618,Mitomycin,0.7547836684948199,72h,30
HL60,0.13437490162319407,Mitomycin,0.7768809884994881,72h,30
HL60,0.03951432830217903,Mitomycin,0.0,72h,30
HL60,0.0019427828141237989,Mitomycin,0.0,72h,30
HL60,3.421751509547403e-05,Mitomycin,0.0,72h,30
K562,0.9986623273946111,Mitomycin,1.0,72h,30
K562,0.9986548769425748,Mitomycin,1.0,72h,30
K562,0.9986644464986196,Mitomycin,1.0,72h,30
K562,0.9986502280783108,Mitomycin,1.0,72h,30
K562,0.998550125302104,Mitomycin,1.0,72h,30
K562,0.9814190279375943,Mitomycin,0.8976815588323126,72h,30
K562,0.5140824263074973,Mitomycin,0.5023745367131796,72h,30
K562,0.21898127978989446,Mitomycin,0.296737339213224,72h,30
K562,0.0130926342738333,Mitomycin,0.09390523858419,72h,30
K562,0.0002331545480154805,Mitomycin,0.0,72h,30
SUDHL4,0.999961796371921,Mitomycin,1.0,72h,30
SUDHL4,0.9999615833102706,Mitomycin,1.0,72h,30
SUDHL4,0.9999618569716796,Mitomycin,1.0,72h,30
SUDHL4,0.9999614503644647,Mitomycin,1.0,72h,30
SUDHL4,0.9999585873855281,Mitomycin,1.0,72h,30
SUDHL4,0.9994602787348121,Mitomycin,1.0,72h,30
SUDHL4,0.9737477606870723,Mitomycin,0.9128164013823555,72h,30
SUDHL4,0.9076642813084264,Mitomycin,0.5557235723896665,72h,30
SUDHL4,0.3174598542725545,Mitomycin,0.0159336991539589,72h,30
SUDHL4,0.00810995895449,Mitomycin,0.012907476083024099,72h,30
THP1,0.9998691856265699,Mitomycin,1.0,72h,30
THP1,0.9998684561426961,Mitomycin,1.0,72h,30
THP1,0.9998693931091266,Mitomycin,1.0,72h,30
THP1,0.9998680009611091,Mitomycin,1.0,72h,30
THP1,0.9998581987276186,Mitomycin,1.0,72h,30
THP1,0.9981541657708948,Mitomycin,0.804577483267475,72h,30
THP1,0.9154799401590897,Mitomycin,0.43052875730334805,72h,30
THP1,0.741638482896995,Mitomycin,0.0934421615536168,72h,30
THP1,0.11958021370995031,Mitomycin,0.0128299777857762,72h,30
THP1,0.0023819264894667153,Mitomycin,0.0,72h,30
HL60,0.999875802501096,Nilotinib,0.9815195071868585,72h,30
HL60,0.9998658856233071,Nilotinib,1.0,72h,30
HL60,0.9254517318451253,Nilotinib,0.9815195071868585,72h,30
HL60,0.6883251522710367,Nilotinib,0.9568788501026695,72h,30
HL60,0.6004649125820026,Nilotinib,0.87782340862423,72h,30
HL60,0.5584144910964952,Nilotinib,0.9034907597535935,72h,30
HL60,0.4590988995644919,Nilotinib,0.732362243856209,72h,30
HL60,0.46157748553554223,Nilotinib,0.4527123600094005,72h,30
HL60,0.46825021076443946,Nilotinib,0.8685369320917975,72h,30
HL60,0.4379328616319492,Nilotinib,0.69880495124648,72h,30
K562,0.9860988627059444,Nilotinib,0.983338715079116,72h,30
K562,0.9850053865979778,Nilotinib,0.88027596632338,72h,30
K562,0.09859872494679528,Nilotinib,0.355450277653773,72h,30
K562,0.019087931955907824,Nilotinib,0.02744619269640785,72h,30
K562,0.013069417556930477,Nilotinib,0.0,72h,30
K562,0.011019616011383055,Nilotinib,0.0,72h,30
K562,0.007423170514778827,Nilotinib,0.0,72h,30
K562,0.007497045221304429,Nilotinib,0.0,72h,30
K562,0.0076992934512313755,Nilotinib,0.0,72h,30
K562,0.006818438155061006,Nilotinib,0.0,72h,30
SUDHL4,0.9999998401473316,Nilotinib,0.9947650353055759,72h,30
SUDHL4,0.9999998273817627,Nilotinib,1.0,72h,30
SUDHL4,0.9998963445993271,Nilotinib,1.0,72h,30
SUDHL4,0.9994176175420244,Nilotinib,1.0,72h,30
SUDHL4,0.9991444434204397,Nilotinib,1.0,72h,30
SUDHL4,0.9989833544761205,Nilotinib,1.0,72h,30
SUDHL4,0.9984860665322347,Nilotinib,0.8502341079818555,72h,30
SUDHL4,0.9985010736341273,Nilotinib,0.831350539728918,72h,30
SUDHL4,0.9985406875808309,Nilotinib,0.959708266825384,72h,30
SUDHL4,0.9983510135362024,Nilotinib,0.979533587641696,72h,30
THP1,0.9992966833780421,Nilotinib,1.0,72h,30
THP1,0.9992405603240045,Nilotinib,1.0,72h,30
THP1,0.6866107828472022,Nilotinib,0.9652864910079465,72h,30
THP1,0.2804536117607386,Nilotinib,0.769993958827083,72h,30
THP1,0.20963766032770356,Nilotinib,0.539014769437679,72h,30
THP1,0.18245778912962826,Nilotinib,0.467167523638481,72h,30
THP1,0.1302801174845243,Nilotinib,0.4728673429500055,72h,30
THP1,0.13141477580521096,Nilotinib,0.4274451032329845,72h,30
THP1,0.13450691544974688,Nilotinib,0.3733919819147515,72h,30
THP1,0.12088572725527436,Nilotinib,0.2915504902644175,72h,30
HL60,0.9994364021870481,Oxaliplatin,0.9171159029649595,72h,30
HL60,0.9994364021870481,Oxaliplatin,0.9663072776280325,72h,30
HL60,0.9994364021870481,Oxaliplatin,0.9036388140161725,72h,30
HL60,0.9994364021870481,Oxaliplatin,0.8537735849056605,72h,30
HL60,0.9994364021870481,Oxaliplatin,0.9730458221024261,72h,30
HL60,0.9994364021870481,Oxaliplatin,1.0,72h,30
HL60,0.9994364021870481,Oxaliplatin,1.0,72h,30
HL60,0.9994364021870481,Oxaliplatin,1.0,72h,30
HL60,0.9994364021870481,Oxaliplatin,1.0,72h,30
HL60,0.6098674667543932,Oxaliplatin,0.26383853033599247,72h,30
K562,0.9998242720877468,Oxaliplatin,1.0,72h,30
K562,0.9998242720877468,Oxaliplatin,1.0,72h,30
K562,0.9998242720877468,Oxaliplatin,1.0,72h,30
K562,0.9998242720877468,Oxaliplatin,1.0,72h,30
K562,0.9998242720877468,Oxaliplatin,1.0,72h,30
K562,0.9998242720877468,Oxaliplatin,1.0,72h,30
K562,0.9998242720877468,Oxaliplatin,1.0,72h,30
K562,0.9998242720877468,Oxaliplatin,1.0,72h,30
K562,0.9998242720877468,Oxaliplatin,1.0,72h,30
K562,0.8337647345363421,Oxaliplatin,0.835509524299314,72h,30
SUDHL4,0.9994835014501564,Oxaliplatin,1.0,72h,30
SUDHL4,0.9994835014501564,Oxaliplatin,1.0,72h,30
SUDHL4,0.9994835014501564,Oxaliplatin,1.0,72h,30
SUDHL4,0.9994835014501564,Oxaliplatin,1.0,72h,30
SUDHL4,0.9994835014501564,Oxaliplatin,1.0,72h,30
SUDHL4,0.9994835014501564,Oxaliplatin,1.0,72h,30
SUDHL4,0.9994835014501564,Oxaliplatin,1.0,72h,30
SUDHL4,0.9994835014501564,Oxaliplatin,1.0,72h,30
SUDHL4,0.9994835014501564,Oxaliplatin,1.0,72h,30
SUDHL4,0.6304320364180722,Oxaliplatin,1.0,72h,30
THP1,0.9997237111673778,Oxaliplatin,1.0,72h,30
THP1,0.9997237111673778,Oxaliplatin,1.0,72h,30
THP1,0.9997237111673778,Oxaliplatin,1.0,72h,30
THP1,0.9997237111673778,Oxaliplatin,1.0,72h,30
THP1,0.9997237111673778,Oxaliplatin,1.0,72h,30
THP1,0.9997237111673778,Oxaliplatin,1.0,72h,30
THP1,0.9997237111673778,Oxaliplatin,1.0,72h,30
THP1,0.9997237111673778,Oxaliplatin,1.0,72h,30
THP1,0.9997237111673778,Oxaliplatin,1.0,72h,30
THP1,0.7613212075142602,Oxaliplatin,0.6782936742890975,72h,30
HL60,0.8179160650215588,Rapamycin,0.8172727272727275,72h,30
HL60,0.6558936370264933,Rapamycin,0.7597282099343955,72h,30
HL60,0.5640726757673709,Rapamycin,0.7301218369259606,72h,30
HL60,0.5446930604873678,Rapamycin,0.6967197750702905,72h,30
HL60,0.5241700195014657,Rapamycin,0.711087160262418,72h,30
HL60,0.5149254748178557,Rapamycin,0.684667291471415,72h,30
HL60,0.5004885648958007,Rapamycin,0.6255951265229615,72h,30
HL60,0.47100737413654836,Rapamycin,0.542277413308341,72h,30
HL60,0.4393051317995944,Rapamycin,0.43958762886597946,72h,30
HL60,0.08007203346832431,Rapamycin,0.0,72h,30
K562,0.36810269466729856,Rapamycin,0.7976097033280629,72h,30
K562,0.19819579243227356,Rapamycin,0.6647337835217311,72h,30
K562,0.14369306749094365,Rapamycin,0.6074826783170735,72h,30
K562,0.13430652218708442,Rapamycin,0.582481327147006,72h,30
K562,0.12500095713564285,Rapamycin,0.5630084691122845,72h,30
K562,0.12100607386485165,Rapamycin,0.575334494774546,72h,30
K562,0.11499520535766623,Rapamycin,0.5767549338609255,72h,30
K562,0.10351568688168572,Rapamycin,0.492757621584364,72h,30
K562,0.09223553256107893,Rapamycin,0.4778800969140675,72h,30
K562,0.011161886914170383,Rapamycin,0.113133170994755,72h,30
SUDHL4,0.9152013198708039,Rapamycin,0.7185876126433814,72h,30
SUDHL4,0.820776903800802,Rapamycin,0.6077505730202339,72h,30
SUDHL4,0.7566278346512685,Rapamycin,0.558701052940492,72h,30
SUDHL4,0.7418914652911217,Rapamycin,0.6102893182956635,72h,30
SUDHL4,0.7257822649551485,Rapamycin,0.5767796515834585,72h,30
SUDHL4,0.7183500034266957,Rapamycin,0.582963969297247,72h,30
SUDHL4,0.7065167589133925,Rapamycin,0.5477048831949485,72h,30
SUDHL4,0.6814560674974601,Rapamycin,0.535088318482875,72h,30
SUDHL4,0.653076393027633,Rapamycin,0.5246335453381705,72h,30
SUDHL4,0.17295944369590835,Rapamycin,0.0,72h,30
THP1,0.6908611575452426,Rapamycin,0.8861115677968454,72h,30
THP1,0.48672917831487994,Rapamycin,0.6745860678404649,72h,30
THP1,0.39163707674093823,Rapamycin,0.5926187293767959,72h,30
THP1,0.3731111402230229,Rapamycin,0.574071715271779,72h,30
THP1,0.3540261826027931,Rapamycin,0.566807792753619,72h,30
THP1,0.3456028949303347,Rapamycin,0.5692576855974225,72h,30
THP1,0.33265764331507536,Rapamycin,0.5512725674771599,72h,30
THP1,0.30698679257368694,Rapamycin,0.5543796407648844,72h,30
THP1,0.2804710586649606,Rapamycin,0.5500989217375329,72h,30
THP1,0.041506517022090905,Rapamycin,0.09417316004768275,72h,30
HL60,0.9964725117883289,5Aza2d,1.0,96h,30
HL60,0.9964621559727593,5Aza2d,1.0,96h,30
HL60,0.9962957178357061,5Aza2d,1.0,96h,30
HL60,0.9143239536356466,5Aza2d,1.0,96h,30
HL60,0.7405072910935645,5Aza2d,0.9277517164190314,96h,30
HL60,0.4560956481979948,5Aza2d,0.7778598846205855,96h,30
HL60,0.25306786431808187,5Aza2d,0.36866201944022947,96h,30
HL60,0.18054545170764208,5Aza2d,0.1149005453480163,96h,30
HL60,0.1294766586093602,5Aza2d,0.00097276264591435,96h,30
HL60,0.10050433811643138,5Aza2d,0.0,96h,30
K562,0.9995440990138905,5Aza2d,0.955783782023094,96h,30
K562,0.9995427564658517,5Aza2d,0.938063685173423,96h,30
K562,0.9995211757685881,5Aza2d,0.9824759640179586,96h,30
K562,0.9880706808924167,5Aza2d,1.0,96h,30
K562,0.956799851098106,5Aza2d,0.9992898052691865,96h,30
K562,0.8668133965108985,5Aza2d,0.8952723897004935,96h,30
K562,0.7244865542285704,5Aza2d,0.768294463173781,96h,30
K562,0.6309948344221753,5Aza2d,0.701010406996629,96h,30
K562,0.535825866066418,5Aza2d,0.640689782468255,96h,30
K562,0.46443766741046993,5Aza2d,0.5533654175013435,96h,30
SUDHL4,0.9940671935482372,5Aza2d,1.0,96h,30
SUDHL4,0.9940498184904588,5Aza2d,1.0,96h,30
SUDHL4,0.9937706012317415,5Aza2d,0.987249650675361,96h,30
SUDHL4,0.8635723932152369,5Aza2d,0.831073454928266,96h,30
SUDHL4,0.6286147888500678,5Aza2d,0.667974446972183,96h,30
SUDHL4,0.33216730393253324,5Aza2d,0.396563495992391,96h,30
SUDHL4,0.1673334556387619,5Aza2d,0.15449484861427998,96h,30
SUDHL4,0.11557843619706433,5Aza2d,0.070685624804406,96h,30
SUDHL4,0.08106813519861258,5Aza2d,0.038801382485376346,96h,30
SUDHL4,0.06215453563326396,5Aza2d,0.0267785842405918,96h,30
THP1,0.9990406255959167,5Aza2d,1.0,96h,30
THP1,0.9990378018346578,5Aza2d,1.0,96h,30
THP1,0.9989924126256556,5Aza2d,1.0,96h,30
THP1,0.975210797736314,5Aza2d,1.0,96h,30
THP1,0.9131914708759137,5Aza2d,0.957132886353103,96h,30
THP1,0.7555736003460003,5Aza2d,0.8205987496244305,96h,30
THP1,0.5553515041829097,5Aza2d,0.5769646837261955,96h,30
THP1,0.44818109132857786,5Aza2d,0.4348459090499205,96h,30
THP1,0.3541240622829201,5Aza2d,0.358076791997699,96h,30
THP1,0.29172940970125294,5Aza2d,0.3102937134863845,96h,30
HL60,0.9929471665260714,Cytarabine,1.0,96h,30
HL60,0.9928951084595504,Cytarabine,1.0,96h,30
HL60,0.9930161790715204,Cytarabine,1.0,96h,30
HL60,0.9929058467684562,Cytarabine,1.0,96h,30
HL60,0.9925081882867112,Cytarabine,1.0,96h,30
HL60,0.7344038652825913,Cytarabine,0.547962721733573,96h,30
HL60,0.22406562196573138,Cytarabine,0.0,96h,30
HL60,0.11816590841534257,Cytarabine,0.0,96h,30
HL60,0.04489261765389373,Cytarabine,0.0,96h,30
HL60,0.02585869226675256,Cytarabine,0.0,96h,30
K562,0.9985845554196825,Cytarabine,0.934361986670281,96h,30
K562,0.998574048045993,Cytarabine,0.9218886317771895,96h,30
K562,0.9985984835192908,Cytarabine,0.9211695233806501,96h,30
K562,0.9985762155328997,Cytarabine,0.9777452801222195,96h,30
K562,0.9984959246683934,Cytarabine,0.983272250489684,96h,30
K562,0.9326878226157835,Cytarabine,0.894269206514024,96h,30
K562,0.5913425441174739,Cytarabine,0.6570715271104111,96h,30
K562,0.40172874837559486,Cytarabine,0.4831193096123165,96h,30
K562,0.19063285863460963,Cytarabine,0.40632785121558346,96h,30
K562,0.11740235921283623,Cytarabine,0.38226766942444645,96h,30
SUDHL4,0.9990044473586922,Cytarabine,1.0,96h,30
SUDHL4,0.9989970538690374,Cytarabine,1.0,96h,30
SUDHL4,0.9990142477632361,Cytarabine,1.0,96h,30
SUDHL4,0.9989985790200596,Cytarabine,1.0,96h,30
SUDHL4,0.9989420810842433,Cytarabine,1.0,96h,30
SUDHL4,0.9517106833907563,Cytarabine,0.9966875871687585,96h,30
SUDHL4,0.6730119611450122,Cytarabine,0.2262128120215725,96h,30
SUDHL4,0.4885155716405613,Cytarabine,0.135919918212845,96h,30
SUDHL4,0.25094438089438437,Cytarabine,0.03314694536263475,96h,30
SUDHL4,0.15909983136433323,Cytarabine,0.0283580342202365,96h,30
THP1,0.9988567971933932,Cytarabine,1.0,96h,30
THP1,0.9988483084412404,Cytarabine,1.0,96h,30
THP1,0.9988680494465795,Cytarabine,1.0,96h,30
THP1,0.9988500595247407,Cytarabine,1.0,96h,30
THP1,0.9987851926398407,Cytarabine,1.0,96h,30
THP1,0.9449355209331681,Cytarabine,1.0,96h,30
THP1,0.6418495134787611,Cytarabine,1.0,96h,30
THP1,0.45403398381287613,Cytarabine,0.890708178939173,96h,30
THP1,0.22582793373525178,Cytarabine,0.5260910973630271,96h,30
THP1,0.14144012238931347,Cytarabine,0.08587328974755876,96h,30
HL60,0.9970066269884776,Doxorubicin,1.0,96h,30
HL60,0.996905200926114,Doxorubicin,1.0,96h,30
HL60,0.9933226748080604,Doxorubicin,0.8833831628638865,96h,30
HL60,0.7134462225109266,Doxorubicin,0.1335130443470335,96h,30
HL60,0.21422712822619136,Doxorubicin,0.0,96h,30
HL60,0.07077403065762902,Doxorubicin,0.0,96h,30
HL60,0.01748626175643553,Doxorubicin,0.0,96h,30
HL60,0.001604983156706921,Doxorubicin,0.0,96h,30
HL60,0.0016046561954555644,Doxorubicin,0.0,96h,30
HL60,0.0021770756249968317,Doxorubicin,0.0,96h,30
K562,0.9990573266668427,Doxorubicin,0.930796550007672,96h,30
K562,0.999025317631871,Doxorubicin,0.9294701284041585,96h,30
K562,0.9978918395185394,Doxorubicin,0.9542688424089435,96h,30
K562,0.8879203139071208,Doxorubicin,0.947777684910726,96h,30
K562,0.4645247271035869,Doxorubicin,0.6414677337950849,96h,30
K562,0.19507441173273843,Doxorubicin,0.392746361357871,96h,30
K562,0.053595359177777656,Doxorubicin,0.08329815962438585,96h,30
K562,0.005089138002226433,Doxorubicin,0.0,96h,30
K562,0.005088104879032005,Doxorubicin,0.0,96h,30
K562,0.0068945729994207665,Doxorubicin,0.00025466499976845,96h,30
SUDHL4,0.9948793812611781,Doxorubicin,1.0,96h,30
SUDHL4,0.9947062593025686,Doxorubicin,1.0,96h,30
SUDHL4,0.9886073376866361,Doxorubicin,0.9354493313343091,96h,30
SUDHL4,0.5922248595843284,Doxorubicin,0.257089017624466,96h,30
SUDHL4,0.13721205975477713,Doxorubicin,0.15402425231379102,96h,30
SUDHL4,0.04253873652804496,Doxorubicin,0.059204097503552156,96h,30
SUDHL4,0.010275042995430599,Doxorubicin,0.0285842051769171,96h,30
SUDHL4,0.0009368537425719115,Doxorubicin,0.00080565195835395,96h,30
SUDHL4,0.0009366627624884645,Doxorubicin,0.0,96h,30
SUDHL4,0.0012710962561024292,Doxorubicin,0.0009968756560228501,96h,30
THP1,0.9986488574183642,Doxorubicin,1.0,96h,30
THP1,0.9986029979610096,Doxorubicin,1.0,96h,30
THP1,0.9969798803430668,Doxorubicin,0.993684002763249,96h,30
THP1,0.8467424716908143,Doxorubicin,0.9450804302773119,96h,30
THP1,0.37694513821336717,Doxorubicin,0.2808011667879585,96h,30
THP1,0.14457948535459697,Doxorubicin,0.0133219879032518,96h,30
THP1,0.037993623620008285,Doxorubicin,0.036650186421041245,96h,30
THP1,0.0035546429521551726,Doxorubicin,0.0,96h,30
THP1,0.0035539202272046916,Doxorubicin,0.0,96h,30
THP1,0.00481833317378717,Doxorubicin,0.0,96h,30
HL60,0.9989930201607493,Imatinib,1.0,96h,30
HL60,0.9989805461359552,Imatinib,1.0,96h,30
HL60,0.9989867910674732,Imatinib,1.0,96h,30
HL60,0.9989772046399843,Imatinib,1.0,96h,30
HL60,0.9985655019600953,Imatinib,1.0,96h,30
HL60,0.47038703701349527,Imatinib,1.0,96h,30
HL60,0.30029748617474844,Imatinib,1.0,96h,30
HL60,0.32922878250438653,Imatinib,1.0,96h,30
HL60,0.5019110136024107,Imatinib,1.0,96h,30
HL60,0.006120247227146885,Imatinib,0.8271215569313695,96h,30
K562,0.9861180996813851,Imatinib,0.9903477942659056,96h,30
K562,0.9859483801219685,Imatinib,0.975522539565358,96h,30
K562,0.9860333408745876,Imatinib,0.9892262261800395,96h,30
K562,0.9859029254701632,Imatinib,1.0,96h,30
K562,0.9803320865648384,Imatinib,1.0,96h,30
K562,0.05979406212929689,Imatinib,0.6623787866727935,96h,30
K562,0.02981475588453477,Imatinib,0.0,96h,30
K562,0.0339516262275086,Imatinib,0.0,96h,30
K562,0.06729783629821845,Imatinib,0.0,96h,30
K562,0.00044073952564778696,Imatinib,0.0,96h,30
SUDHL4,0.9999999632636938,Imatinib,1.0,96h,30
SUDHL4,0.9999999628081562,Imatinib,1.0,96h,30
SUDHL4,0.9999999630362155,Imatinib,1.0,96h,30
SUDHL4,0.9999999626861266,Imatinib,1.0,96h,30
SUDHL4,0.9999999476447113,Imatinib,1.0,96h,30
SUDHL4,0.9999589680060352,Imatinib,1.0,96h,30
SUDHL4,0.9999150893744041,Imatinib,1.0,96h,30
SUDHL4,0.999925752547461,Imatinib,1.0,96h,30
SUDHL4,0.9999638338993113,Imatinib,1.0,96h,30
SUDHL4,0.9941164517493948,Imatinib,1.0,96h,30
THP1,0.9999962877770988,Imatinib,1.0,96h,30
THP1,0.9999962417449542,Imatinib,1.0,96h,30
THP1,0.9999962647903932,Imatinib,1.0,96h,30
THP1,0.9999962294138377,Imatinib,1.0,96h,30
THP1,0.9999947094790386,Imatinib,1.0,96h,30
THP1,0.9958706326150696,Imatinib,1.0,96h,30
THP1,0.9914919843299943,Imatinib,1.0,96h,30
THP1,0.9925525521730048,Imatinib,1.0,96h,30
THP1,0.9963585596067333,Imatinib,1.0,96h,30
THP1,0.6257601037014571,Imatinib,0.1756435690575415,96h,30
HL60,0.9925331545672288,Mitomycin,1.0,96h,30
HL60,0.9924654065753981,Mitomycin,1.0,96h,30
HL60,0.9925125611899072,Mitomycin,1.0,96h,30
HL60,0.9926132812472523,Mitomycin,1.0,96h,30
HL60,0.9486555035513777,Mitomycin,1.0,96h,30
HL60,0.6916539418980409,Mitomycin,0.8615498519249756,96h,30
HL60,0.2013297756171445,Mitomycin,0.716389390377544,96h,30
HL60,0.0713274210647422,Mitomycin,0.0,96h,30
HL60,0.0068688685191692,Mitomycin,0.0,96h,30
HL60,0.0003208471019552223,Mitomycin,0.0,96h,30
K562,0.9996086763247977,Mitomycin,0.9640220787507474,96h,30
K562,0.9996051002345174,Mitomycin,0.9416152860255136,96h,30
K562,0.9996075893485049,Mitomycin,0.9463863984972549,96h,30
K562,0.9996129052293526,Mitomycin,0.9671988449829975,96h,30
K562,0.9971914775828014,Mitomycin,0.9966718229972344,96h,30
K562,0.9773272846350799,Mitomycin,0.910903085112063,96h,30
K562,0.8288916455841691,Mitomycin,0.5833086042460425,96h,30
K562,0.5961192162464357,Mitomycin,0.342830967891416,96h,30
K562,0.11731901555877815,Mitomycin,0.07333379249220015,96h,30
K562,0.0061298965323957726,Mitomycin,0.0,96h,30
SUDHL4,0.9995058946790922,Mitomycin,1.0,96h,30
SUDHL4,0.9995013797928111,Mitomycin,1.0,96h,30
SUDHL4,0.9995045223486482,Mitomycin,1.0,96h,30
SUDHL4,0.9995112337675435,Mitomycin,1.0,96h,30
SUDHL4,0.9964560665617382,Mitomycin,0.9981501057082449,96h,30
SUDHL4,0.971538894277874,Mitomycin,0.7133353594408255,96h,30
SUDHL4,0.7932250451498563,Mitomycin,0.24692889280877,96h,30
SUDHL4,0.538922203062927,Mitomycin,0.07412202081530325,96h,30
SUDHL4,0.09523019496113355,Mitomycin,0.0,96h,30
SUDHL4,0.004860482964422356,Mitomycin,0.0034561703630230003,96h,30
THP1,0.998271624390187,Mitomycin,1.0,96h,30
THP1,0.9982558510423444,Mitomycin,1.0,96h,30
THP1,0.9982668299359951,Mitomycin,1.0,96h,30
THP1,0.9982902776558698,Mitomycin,1.0,96h,30
THP1,0.9876971303017044,Mitomycin,1.0,96h,30
THP1,0.9069473230174689,Mitomycin,0.454262767126627,96h,30
THP1,0.5227472124442926,Mitomycin,0.0843941646327141,96h,30
THP1,0.2502236578513603,Mitomycin,0.0345882420362259,96h,30
THP1,0.029175745466933113,Mitomycin,0.00020740433475055,96h,30
THP1,0.0013926275720793934,Mitomycin,0.0,96h,30
HL60,0.9990962846111784,Nilotinib,1.0,96h,30
HL60,0.9892251629023958,Nilotinib,1.0,96h,30
HL60,0.6315819054310817,Nilotinib,1.0,96h,30
HL60,0.4330338679966014,Nilotinib,1.0,96h,30
HL60,0.39672067235331304,Nilotinib,1.0,96h,30
HL60,0.3677491936860901,Nilotinib,1.0,96h,30
HL60,0.2872459222458085,Nilotinib,0.8727444661539105,96h,30
HL60,0.3028497243985815,Nilotinib,0.6832831294429635,96h,30
HL60,0.33046926209370503,Nilotinib,0.8789883502519724,96h,30
HL60,0.3029541331994167,Nilotinib,0.89486542048815,96h,30
K562,0.9879652303059608,Nilotinib,1.0,96h,30
K562,0.8720786583299789,Nilotinib,1.0,96h,30
K562,0.11292204264291812,Nilotinib,0.5630628509268115,96h,30
K562,0.05367046437755477,Nilotinib,0.0288273892193422,96h,30
K562,0.046557444100465306,Nilotinib,0.0,96h,30
K562,0.04140252505238814,Nilotinib,0.0,96h,30
K562,0.02905604726772007,Nilotinib,0.0,96h,30
K562,0.03124935060541016,Nilotinib,0.0,96h,30
K562,0.03535542698878265,Nilotinib,0.0,96h,30
K562,0.03126432312395574,Nilotinib,0.0,96h,30
SUDHL4,0.9999826341982843,Nilotinib,1.0,96h,30
SUDHL4,0.9997909246684029,Nilotinib,1.0,96h,30
SUDHL4,0.9889247745393223,Nilotinib,1.0,96h,30
SUDHL4,0.9754793830168136,Nilotinib,1.0,96h,30
SUDHL4,0.9716329678622739,Nilotinib,1.0,96h,30
SUDHL4,0.9680469634764409,Nilotinib,1.0,96h,30
SUDHL4,0.9545271504038956,Nilotinib,0.895073138831121,96h,30
SUDHL4,0.9576751446370807,Nilotinib,0.870865640728919,96h,30
SUDHL4,0.9625592145199628,Nilotinib,1.0,96h,30
SUDHL4,0.9576951827402368,Nilotinib,1.0,96h,30
THP1,0.9988712511042055,Nilotinib,1.0,96h,30
THP1,0.9865751567329231,Nilotinib,1.0,96h,30
THP1,0.5784547749329001,Nilotinib,0.921964654178363,96h,30
THP1,0.3794085124781218,Nilotinib,0.8531600540317179,96h,30
THP1,0.34485697699401613,Nilotinib,0.6837663457099941,96h,30
THP1,0.317678539432075,Nilotinib,0.564905050297546,96h,30
THP1,0.24390768931076998,Nilotinib,0.5292973814787441,96h,30
THP1,0.25800947183520406,Nilotinib,0.4360171147552255,96h,30
THP1,0.2832008447323232,Nilotinib,0.445640238606645,96h,30
THP1,0.25810414505837503,Nilotinib,0.351779271084798,96h,30
HL60,0.998512099990508,Oxaliplatin,1.0,96h,30
HL60,0.998512099990508,Oxaliplatin,1.0,96h,30
HL60,0.998512099990508,Oxaliplatin,1.0,96h,30
HL60,0.998512099990508,Oxaliplatin,1.0,96h,30
HL60,0.998512099990508,Oxaliplatin,1.0,96h,30
HL60,0.998512099990508,Oxaliplatin,1.0,96h,30
HL60,0.998512099990508,Oxaliplatin,1.0,96h,30
HL60,0.998512099990508,Oxaliplatin,1.0,96h,30
HL60,0.9979736054121152,Oxaliplatin,1.0,96h,30
HL60,0.6920819171544459,Oxaliplatin,0.401285154270229,96h,30
K562,0.9999793882088303,Oxaliplatin,0.9561833470228696,96h,30
K562,0.9999793882088303,Oxaliplatin,0.9646011398482165,96h,30
K562,0.9999793882088303,Oxaliplatin,0.955162477642887,96h,30
K562,0.9999793882088303,Oxaliplatin,0.9466060614003,96h,30
K562,0.9999793882088303,Oxaliplatin,0.9255735697261205,96h,30
K562,0.9999793882088303,Oxaliplatin,0.9195763644214925,96h,30
K562,0.9999793882088303,Oxaliplatin,0.9434712025734016,96h,30
K562,0.9999793882088303,Oxaliplatin,0.9843062218845771,96h,30
K562,0.999971913538047,Oxaliplatin,0.9587785130684,96h,30
K562,0.9938832975414035,Oxaliplatin,1.0,96h,30
SUDHL4,0.9967045870559629,Oxaliplatin,1.0,96h,30
SUDHL4,0.9967045870559629,Oxaliplatin,1.0,96h,30
SUDHL4,0.9967045870559629,Oxaliplatin,1.0,96h,30
SUDHL4,0.9967045870559629,Oxaliplatin,1.0,96h,30
SUDHL4,0.9967045870559629,Oxaliplatin,1.0,96h,30
SUDHL4,0.9967045870559629,Oxaliplatin,1.0,96h,30
SUDHL4,0.9967045870559629,Oxaliplatin,1.0,96h,30
SUDHL4,0.9967045870559629,Oxaliplatin,1.0,96h,30
SUDHL4,0.9955148633226143,Oxaliplatin,1.0,96h,30
SUDHL4,0.503223192384746,Oxaliplatin,0.9970552884615385,96h,30
THP1,0.9998837489746629,Oxaliplatin,1.0,96h,30
THP1,0.9998837489746629,Oxaliplatin,1.0,96h,30
THP1,0.9998837489746629,Oxaliplatin,1.0,96h,30
THP1,0.9998837489746629,Oxaliplatin,1.0,96h,30
THP1,0.9998837489746629,Oxaliplatin,1.0,96h,30
THP1,0.9998837489746629,Oxaliplatin,1.0,96h,30
THP1,0.9998837489746629,Oxaliplatin,1.0,96h,30
THP1,0.9998837489746629,Oxaliplatin,1.0,96h,30
THP1,0.9998415971356804,Oxaliplatin,1.0,96h,30
THP1,0.9664506401582773,Oxaliplatin,0.6500770976073245,96h,30
HL60,0.6440370689322416,Rapamycin,0.9090770325588624,96h,30
HL60,0.3930719586794334,Rapamycin,0.739985358075652,96h,30
HL60,0.3054512159400451,Rapamycin,0.704767479058206,96h,30
HL60,0.2859232811262575,Rapamycin,0.68611197188216,96h,30
HL60,0.269285700064379,Rapamycin,0.690521045364908,96h,30
HL60,0.24940073009042663,Rapamycin,0.696113249813948,96h,30
HL60,0.2368198473324467,Rapamycin,0.6808927063504859,96h,30
HL60,0.21357004018759668,Rapamycin,0.6176494908736461,96h,30
HL60,0.1988955935098688,Rapamycin,0.5155840858235605,96h,30
HL60,0.03399989806830344,Rapamycin,0.0,96h,30
K562,0.921319792966027,Rapamycin,1.0,96h,30
K562,0.8073789499557216,Rapamycin,1.0,96h,30
K562,0.7400086599539543,Rapamycin,1.0,96h,30
K562,0.7215612198488054,Rapamycin,0.9858152370144946,96h,30
K562,0.7045867502268726,Rapamycin,0.9812761128591325,96h,30
K562,0.6825845537192742,Rapamycin,0.974441636147934,96h,30
K562,0.6675869870854045,Rapamycin,0.972919997936762,96h,30
K562,0.6373653208925215,Rapamycin,0.944137128083408,96h,30
K562,0.6163950052429816,Rapamycin,0.89342979182884,96h,30
K562,0.18553007206022173,Rapamycin,0.446904550041185,96h,30
SUDHL4,0.6655557313329314,Rapamycin,0.388699633078756,96h,30
SUDHL4,0.41600500952563413,Rapamycin,0.3403945639035305,96h,30
SUDHL4,0.32601820300324813,Rapamycin,0.338169962074367,96h,30
SUDHL4,0.3057542262599571,Rapamycin,0.348928482489057,96h,30
SUDHL4,0.28842880157196293,Rapamycin,0.3268027528107385,96h,30
SUDHL4,0.2676480141719822,Rapamycin,0.3188985789726875,96h,30
SUDHL4,0.25445870476559457,Rapamycin,0.3097033878604335,96h,30
SUDHL4,0.22999908151073306,Rapamycin,0.30553933161625546,96h,30
SUDHL4,0.21450369066558458,Rapamycin,0.285005396813978,96h,30
SUDHL4,0.037270011102272786,Rapamycin,0.0,96h,30
THP1,0.869226120413051,Rapamycin,0.890497233574866,96h,30
THP1,0.7040765649372639,Rapamycin,0.7111511382491524,96h,30
THP1,0.6176844865426098,Rapamycin,0.6168415113224051,96h,30
THP1,0.595304236386274,Rapamycin,0.5877189150688265,96h,30
THP1,0.5751645462229711,Rapamycin,0.556003922873594,96h,30
THP1,0.5496837349183471,Rapamycin,0.54846469787321,96h,30
THP1,0.5327056077218872,Rapamycin,0.566175776541685,96h,30
THP1,0.49941626577372383,Rapamycin,0.5631454940316475,96h,30
THP1,0.4770143726283533,Rapamycin,0.565824236938106,96h,30
THP1,0.11449747670970409,Rapamycin,0.2079596228112785,96h,30
